{"stats":{"minecraft:used":{"minecraft:netherite_block":2,"minecraft:chiseled_quartz_block":1,"minecraft:quartz_pillar":14,"minecraft:red_banner":1,"minecraft:dark_oak_log":29,"minecraft:bamboo_button":6,"minecraft:bookshelf":33,"minecraft:beehive":84,"minecraft:dark_oak_stairs":12,"minecraft:bamboo_trapdoor":6,"minecraft:decorated_pot":2,"minecraft:stripped_dark_oak_wood":39,"minecraft:light_gray_stained_glass_pane":26,"minecraft:dark_oak_slab":17,"minecraft:bamboo_stairs":5,"minecraft:azalea_leaves":4,"minecraft:dark_oak_door":2,"minecraft:oak_slab":9,"minecraft:light_blue_terracotta":83,"minecraft:white_wool":7,"minecraft:lectern":1,"minecraft:dark_oak_trapdoor":35,"minecraft:spruce_trapdoor":19,"minecraft:chiseled_bookshelf":61,"minecraft:acacia_wood":7,"minecraft:flower_pot":4,"minecraft:book":65,"minecraft:blue_terracotta":166},"minecraft:picked_up":{"minecraft:book":30},"minecraft:custom":{"minecraft:sprint_one_cm":25345,"minecraft:time_since_rest":42020,"minecraft:walk_one_cm":131141,"minecraft:total_world_time":42020,"minecraft:leave_game":5,"minecraft:fly_one_cm":50762,"minecraft:pot_flower":3,"minecraft:crouch_one_cm":3735,"minecraft:sneak_time":1560,"minecraft:play_time":42020,"minecraft:jump":167,"minecraft:time_since_death":42020}},"DataVersion":4547}