{"stats":{"minecraft:used":{"minecraft:diamond_block":179,"minecraft:stone_pressure_plate":1,"minecraft:grass_block":187,"minecraft:repeater":21,"minecraft:netherite_block":103,"minecraft:netherite_sword":31,"minecraft:chiseled_quartz_block":123,"minecraft:waxed_weathered_cut_copper":224,"minecraft:quartz_pillar":9,"minecraft:red_concrete":139,"minecraft:quartz_bricks":2,"minecraft:orange_concrete":25,"minecraft:dark_oak_log":3,"minecraft:black_concrete":276,"minecraft:bamboo_button":7,"minecraft:warped_door":61,"minecraft:repeating_command_block":1,"minecraft:oak_sign":1,"minecraft:beehive":60,"minecraft:white_stained_glass_pane":6,"minecraft:command_block":19,"minecraft:dirt":9,"minecraft:bamboo_trapdoor":4,"minecraft:stripped_dark_oak_wood":12,"minecraft:yellow_concrete":21,"minecraft:light_gray_stained_glass_pane":127,"minecraft:dark_oak_slab":71,"minecraft:white_concrete":1,"minecraft:oak_button":8,"minecraft:redstone":4,"minecraft:black_wool":26,"minecraft:debug_stick":76,"minecraft:light_blue_terracotta":65,"minecraft:blue_concrete":9,"minecraft:white_wool":21,"minecraft:oxidized_copper_trapdoor":94,"minecraft:sea_lantern":35,"minecraft:smooth_quartz_stairs":100,"minecraft:barrier":4,"minecraft:smooth_quartz":450,"minecraft:redstone_torch":21,"minecraft:iron_trapdoor":50,"minecraft:dark_oak_trapdoor":85,"minecraft:lime_concrete":38,"minecraft:chiseled_bookshelf":23,"minecraft:quartz_stairs":7,"minecraft:bedrock":2,"minecraft:blue_terracotta":73},"minecraft:killed":{"minecraft:mannequin":11},"minecraft:custom":{"minecraft:time_since_rest":369198,"minecraft:walk_one_cm":461412,"minecraft:leave_game":14,"minecraft:mob_kills":21,"minecraft:damage_taken":90,"minecraft:play_time":369821,"minecraft:damage_dealt":4190,"minecraft:jump":2191,"minecraft:time_since_death":369167,"minecraft:sprint_one_cm":212678,"minecraft:fall_one_cm":22511,"minecraft:total_world_time":570719,"minecraft:fly_one_cm":1192818,"minecraft:crouch_one_cm":11509,"minecraft:sneak_time":10853,"minecraft:deaths":4},"minecraft:picked_up":{"minecraft:bamboo_button":5,"minecraft:redstone":1,"minecraft:oak_button":2}},"DataVersion":4549}