{"stats":{"minecraft:killed_by":{"minecraft:player":1},"minecraft:custom":{"minecraft:eat_cake_slice":2,"minecraft:time_since_rest":2653,"minecraft:walk_one_cm":133266,"minecraft:leave_game":2,"minecraft:walk_under_water_one_cm":1151,"minecraft:damage_taken":243,"minecraft:play_time":31837,"minecraft:damage_dealt":200,"minecraft:jump":360,"minecraft:time_since_death":2651,"minecraft:sprint_one_cm":109483,"minecraft:fall_one_cm":15300,"minecraft:total_world_time":31837,"minecraft:fly_one_cm":73828,"minecraft:walk_on_water_one_cm":1514,"minecraft:crouch_one_cm":396,"minecraft:sneak_time":1697,"minecraft:deaths":40,"minecraft:player_kills":1}},"DataVersion":4547}