{"stats":{"minecraft:killed_by":{"minecraft:player":1},"minecraft:dropped":{"minecraft:pink_candle":1},"minecraft:picked_up":{"minecraft:pink_candle":1},"minecraft:custom":{"minecraft:eat_cake_slice":1,"minecraft:time_since_rest":4307,"minecraft:walk_one_cm":108342,"minecraft:leave_game":1,"minecraft:walk_under_water_one_cm":1177,"minecraft:damage_taken":380,"minecraft:play_time":34184,"minecraft:damage_dealt":163,"minecraft:jump":390,"minecraft:time_since_death":4305,"minecraft:drop":1,"minecraft:sprint_one_cm":123682,"minecraft:fall_one_cm":18628,"minecraft:total_world_time":34184,"minecraft:fly_one_cm":82119,"minecraft:walk_on_water_one_cm":2070,"minecraft:crouch_one_cm":565,"minecraft:sneak_time":1676,"minecraft:deaths":44,"minecraft:player_kills":1}},"DataVersion":4547}