{"stats":{"minecraft:picked_up":{"minecraft:spruce_leaves":1,"minecraft:dark_oak_trapdoor":1,"minecraft:light_weighted_pressure_plate":1,"minecraft:stone_button":3,"minecraft:waxed_exposed_copper_bars":1,"minecraft:yellow_carpet":9,"minecraft:lever":1,"minecraft:command_block":2,"minecraft:redstone":25,"minecraft:dark_oak_sign":2,"minecraft:mangrove_leaves":3,"minecraft:green_terracotta":1,"minecraft:cactus_flower":1,"minecraft:birch_leaves":1,"minecraft:dark_oak_leaves":1,"minecraft:azalea_leaves":1,"minecraft:orange_carpet":13,"minecraft:spruce_button":7,"minecraft:spruce_stairs":1,"minecraft:green_carpet":6,"minecraft:warped_sign":1,"minecraft:light_blue_wool":1,"minecraft:stick":20,"minecraft:sunflower":6,"minecraft:painting":1,"minecraft:flower_pot":1,"minecraft:dark_oak_button":1,"minecraft:acacia_leaves":1,"minecraft:repeater":2,"minecraft:observer":1,"minecraft:pink_candle":3,"minecraft:oak_sign":3,"minecraft:waxed_weathered_copper_lantern":2,"minecraft:string":1,"minecraft:repeating_command_block":1,"minecraft:white_carpet":218,"minecraft:blue_bed":1,"minecraft:jungle_leaves":1,"minecraft:spruce_shelf":1,"minecraft:golden_carrot":3456,"minecraft:lime_terracotta":1,"minecraft:pale_oak_leaves":1,"minecraft:waxed_oxidized_copper_bars":1},"minecraft:used":{"minecraft:polished_tuff":100,"minecraft:weathered_cut_copper_slab":179,"minecraft:netherite_block":21,"minecraft:magenta_concrete":17,"minecraft:smooth_sandstone_stairs":1,"minecraft:white_banner":9,"minecraft:mud":43,"minecraft:polished_tuff_slab":3,"minecraft:shulker_box":1,"minecraft:diamond_sword":14,"minecraft:pink_wool":43,"minecraft:bamboo_button":18,"minecraft:mangrove_leaves":5700,"minecraft:decorated_pot":10,"minecraft:yellow_carpet":34,"minecraft:azalea_leaves":60,"minecraft:oak_wood":33,"minecraft:birch_fence":7,"minecraft:polished_tuff_stairs":3,"minecraft:oak_log":83,"minecraft:spruce_slab":27,"minecraft:gray_carpet":1,"minecraft:barrier":598,"minecraft:white_carpet":665,"minecraft:pale_oak_stairs":25,"minecraft:moss_block":185,"minecraft:brown_mushroom_block":56,"minecraft:armor_stand":1,"minecraft:loom":1,"minecraft:green_stained_glass_pane":2,"minecraft:green_carpet":39,"minecraft:magenta_glazed_terracotta":400,"minecraft:stripped_jungle_wood":10,"minecraft:deepslate_brick_slab":43,"minecraft:pale_oak_trapdoor":5,"minecraft:dark_oak_leaves":4,"minecraft:crimson_button":1,"minecraft:waxed_oxidized_copper_bars":10,"minecraft:pink_terracotta":4,"minecraft:sand":23,"minecraft:redstone_block":147,"minecraft:bamboo_fence":6,"minecraft:gray_banner":4,"minecraft:pitcher_plant":2,"minecraft:glow_ink_sac":42,"minecraft:gray_wool":81,"minecraft:shears":1,"minecraft:mangrove_planks":126,"minecraft:flower_pot":15,"minecraft:yellow_wool":100,"minecraft:waxed_weathered_copper_bars":5,"minecraft:smooth_stone_slab":7,"minecraft:oak_fence":4,"minecraft:oak_trapdoor":7,"minecraft:grass_block":303,"minecraft:waxed_weathered_cut_copper_slab":147,"minecraft:cherry_leaves":1,"minecraft:honeycomb":27,"minecraft:chain_command_block":25,"minecraft:polished_blackstone_stairs":17,"minecraft:andesite":6,"minecraft:dark_oak_log":87,"minecraft:waxed_weathered_copper_lantern":3,"minecraft:firework_rocket":2,"minecraft:acacia_log":16,"minecraft:peony":5,"minecraft:cactus_flower":1,"minecraft:suspicious_sand":13,"minecraft:short_dry_grass":11,"minecraft:stone_bricks":113,"minecraft:resin_bricks":75,"minecraft:tuff_brick_stairs":1,"minecraft:waxed_exposed_copper_bars":4,"minecraft:blue_wool":48,"minecraft:chiseled_sandstone":2,"minecraft:smooth_stone":35,"minecraft:red_bed":1,"minecraft:light_blue_wool":227,"minecraft:magenta_wool":22,"minecraft:birch_trapdoor":20,"minecraft:redstone":371,"minecraft:spruce_door":5,"minecraft:cobblestone":55,"minecraft:waxed_oxidized_copper_lantern":2,"minecraft:cherry_sign":3,"minecraft:stone":267,"minecraft:stripped_mangrove_log":22,"minecraft:crafting_table":1,"minecraft:stripped_birch_log":13,"minecraft:pale_oak_button":6,"minecraft:spruce_sign":18,"minecraft:spruce_trapdoor":38,"minecraft:red_dye":12,"minecraft:mangrove_wood":2,"minecraft:lime_banner":9,"minecraft:bush":11,"minecraft:mossy_stone_brick_stairs":9,"minecraft:glow_item_frame":1,"minecraft:brown_terracotta":1,"minecraft:scaffolding":1,"minecraft:moss_carpet":4,"minecraft:purple_carpet":5,"minecraft:red_banner":2,"minecraft:pale_hanging_moss":1,"minecraft:spruce_log":69,"minecraft:black_concrete":11,"minecraft:spore_blossom":17,"minecraft:water_bucket":76,"minecraft:purple_concrete":14,"minecraft:polished_blackstone_button":8,"minecraft:cyan_stained_glass_pane":10,"minecraft:suspicious_gravel":11,"minecraft:green_terracotta":179,"minecraft:gray_concrete":18,"minecraft:chiseled_stone_bricks":3,"minecraft:sunflower":9,"minecraft:red_wool":379,"minecraft:pink_dye":1,"minecraft:cobblestone_stairs":1,"minecraft:iron_chain":4,"minecraft:mangrove_hanging_sign":5,"minecraft:brown_dye":1,"minecraft:gravel":16,"minecraft:cake":9,"minecraft:jungle_leaves":9,"minecraft:white_wool":644,"minecraft:comparator":1,"minecraft:redstone_lamp":3,"minecraft:smooth_sandstone":107,"minecraft:dark_oak_trapdoor":18,"minecraft:chest":6,"minecraft:warped_slab":1,"minecraft:brown_concrete":6,"minecraft:stone_brick_wall":26,"minecraft:painting":101,"minecraft:leaf_litter":52,"minecraft:repeater":94,"minecraft:player_head":8,"minecraft:pink_candle":5,"minecraft:mangrove_slab":22,"minecraft:glow_berries":16,"minecraft:jungle_planks":27,"minecraft:oak_sign":41,"minecraft:dark_oak_stairs":12,"minecraft:glass_pane":10,"minecraft:light_weighted_pressure_plate":7,"minecraft:cat_spawn_egg":1,"minecraft:lantern":2,"minecraft:short_grass":118,"minecraft:pink_concrete":17,"minecraft:dark_oak_button":2,"minecraft:coarse_dirt":23,"minecraft:dark_oak_pressure_plate":2,"minecraft:bricks":132,"minecraft:pale_oak_sign":1,"minecraft:red_carpet":1,"minecraft:firefly_bush":9,"minecraft:black_wool":227,"minecraft:lime_candle":2,"minecraft:crimson_sign":3,"minecraft:mud_bricks":127,"minecraft:dark_prismarine_stairs":21,"minecraft:pale_oak_leaves":1,"minecraft:red_concrete_powder":16,"minecraft:blackstone":93,"minecraft:orange_wool":204,"minecraft:green_wool":197,"minecraft:acacia_leaves":20,"minecraft:birch_leaves":1,"minecraft:magenta_carpet":2,"minecraft:brown_stained_glass_pane":2,"minecraft:oak_shelf":2,"minecraft:lilac":9,"minecraft:spruce_shelf":42,"minecraft:birch_planks":31,"minecraft:bone_meal":9,"minecraft:item_frame":11,"minecraft:yellow_dye":1,"minecraft:dark_oak_planks":18,"minecraft:glowstone":9,"minecraft:lime_wool":148,"minecraft:dirt":17,"minecraft:dark_oak_sign":10,"minecraft:glow_lichen":24,"minecraft:lime_carpet":4,"minecraft:spruce_leaves":38,"minecraft:dark_oak_shelf":15,"minecraft:spruce_planks":89,"minecraft:waxed_oxidized_copper_chest":1,"minecraft:oak_leaves":68,"minecraft:light":56,"minecraft:dispenser":3,"minecraft:flowering_azalea_leaves":65,"minecraft:rose_bush":7,"minecraft:muddy_mangrove_roots":29,"minecraft:waxed_copper_bulb":7,"minecraft:nether_brick_fence":4,"minecraft:mossy_stone_brick_wall":10,"minecraft:orange_carpet":26,"minecraft:oak_planks":9,"minecraft:warped_sign":7,"minecraft:purple_wool":79,"minecraft:ice":6,"minecraft:red_glazed_terracotta":3,"minecraft:spruce_fence":32,"minecraft:white_terracotta":9,"minecraft:observer":3,"minecraft:netherite_sword":270,"minecraft:green_candle":2,"minecraft:tuff_stairs":16,"minecraft:spruce_stairs":45,"minecraft:mangrove_sign":3,"minecraft:red_concrete":33,"minecraft:birch_button":1,"minecraft:packed_mud":70,"minecraft:mangrove_trapdoor":2,"minecraft:bookshelf":3,"minecraft:command_block":307,"minecraft:dark_oak_fence":6,"minecraft:stripped_pale_oak_wood":158,"minecraft:magma_block":2,"minecraft:mossy_stone_bricks":22,"minecraft:tuff_wall":27,"minecraft:tuff":115,"minecraft:cut_sandstone":4,"minecraft:spruce_wood":4,"minecraft:lime_terracotta":143,"minecraft:sweet_berries":2,"minecraft:cobblestone_wall":18,"minecraft:pale_oak_slab":23,"minecraft:oak_slab":1,"minecraft:dark_prismarine_slab":22,"minecraft:hopper":2,"minecraft:green_concrete_powder":1,"minecraft:lime_dye":1,"minecraft:oxidized_copper":24,"minecraft:light_blue_dye":8,"minecraft:birch_stairs":5,"minecraft:blue_dye":2,"minecraft:white_dye":6,"minecraft:repeating_command_block":131,"minecraft:blue_bed":3,"minecraft:lever":44,"minecraft:dark_oak_slab":38,"minecraft:oak_button":22,"minecraft:white_concrete":39,"minecraft:mangrove_stairs":16,"minecraft:stone_button":29,"minecraft:spruce_button":44,"minecraft:debug_stick":249,"minecraft:composter":1,"minecraft:stone_stairs":22,"minecraft:oak_stairs":6,"minecraft:cyan_terracotta":56,"minecraft:flint_and_steel":8,"minecraft:redstone_torch":13,"minecraft:stripped_cherry_wood":17,"minecraft:pale_moss_carpet":22},"minecraft:dropped":{"minecraft:observer":1,"minecraft:mangrove_stairs":1,"minecraft:cut_sandstone":1,"minecraft:white_dye":3,"minecraft:andesite":1,"minecraft:oak_leaves":1,"minecraft:magma_block":1,"minecraft:smooth_stone_slab":1,"minecraft:debug_stick":2,"minecraft:poppy":1,"minecraft:pale_oak_leaves":2,"minecraft:sunflower":2,"minecraft:blackstone":3,"minecraft:spruce_sign":6,"minecraft:muddy_mangrove_roots":2,"minecraft:redstone":34,"minecraft:purple_wool":6,"minecraft:golden_carrot":1536,"minecraft:tuff":3,"minecraft:resin_bricks":5,"minecraft:oak_slab":1,"minecraft:scaffolding":1,"minecraft:mud_bricks":3,"minecraft:brown_concrete":1,"minecraft:spruce_log":5,"minecraft:lime_dye":1,"minecraft:dark_oak_log":4,"minecraft:spruce_leaves":3,"minecraft:pale_moss_carpet":2,"minecraft:lime_terracotta":4,"minecraft:honeycomb":8,"minecraft:mud":4,"minecraft:birch_planks":1,"minecraft:smooth_sandstone":1,"minecraft:jungle_leaves":2,"minecraft:black_wool":12,"minecraft:stone":12,"minecraft:stripped_pale_oak_wood":3,"minecraft:sand":2,"minecraft:green_wool":8,"minecraft:chest":2,"minecraft:dark_oak_fence":1,"minecraft:shears":1,"minecraft:nether_brick_fence":1,"minecraft:lever":5,"minecraft:acacia_leaves":2,"minecraft:decorated_pot":1,"minecraft:chain_command_block":3,"minecraft:brown_dye":1,"minecraft:mangrove_sign":1,"minecraft:yellow_bed":1,"minecraft:item_frame":2,"minecraft:dark_oak_button":1,"minecraft:yellow_dye":1,"minecraft:birch_fence":1,"minecraft:white_banner":3,"minecraft:glow_ink_sac":13,"minecraft:smooth_sandstone_stairs":1,"minecraft:glow_berries":1,"minecraft:azalea_leaves":2,"minecraft:yellow_carpet":8,"minecraft:waxed_exposed_copper_bars":1,"minecraft:flint_and_steel":2,"minecraft:deepslate_brick_slab":2,"minecraft:flower_pot":4,"minecraft:oak_shelf":1,"minecraft:dark_oak_slab":6,"minecraft:mangrove_planks":4,"minecraft:redstone_block":7,"minecraft:red_wool":25,"minecraft:player_head":2,"minecraft:white_carpet":153,"minecraft:warped_slab":1,"minecraft:string":1,"minecraft:oak_sign":5,"minecraft:light_weighted_pressure_plate":1,"minecraft:bamboo_button":2,"minecraft:waxed_weathered_cut_copper_slab":2,"minecraft:bread":1,"minecraft:chiseled_sandstone":1,"minecraft:pink_concrete":1,"minecraft:mossy_stone_brick_stairs":2,"minecraft:iron_chain":1,"minecraft:birch_leaves":2,"minecraft:stripped_cherry_wood":1,"minecraft:spruce_planks":2,"minecraft:cobblestone_stairs":1,"minecraft:white_wool":5,"minecraft:polished_tuff_stairs":1,"minecraft:stripped_mangrove_log":1,"minecraft:tuff_brick_stairs":2,"minecraft:stripped_birch_log":1,"minecraft:moss_carpet":1,"minecraft:red_concrete_powder":1,"minecraft:gray_carpet":1,"minecraft:pink_wool":1,"minecraft:pink_dye":1,"minecraft:bone_meal":1,"minecraft:dark_prismarine_slab":1,"minecraft:red_concrete":1,"minecraft:netherite_sword":11,"minecraft:stone_button":3,"minecraft:acacia_log":1,"minecraft:waxed_weathered_copper_bars":2,"minecraft:spruce_door":2,"minecraft:magenta_glazed_terracotta":7,"minecraft:command_block":86,"minecraft:cake":3,"minecraft:gray_wool":2,"minecraft:weathered_cut_copper_slab":1,"minecraft:dark_oak_sign":1,"minecraft:pale_oak_stairs":2,"minecraft:mangrove_wood":1,"minecraft:spruce_button":9,"minecraft:lime_carpet":1,"minecraft:gravel":1,"minecraft:green_candle":1,"minecraft:green_terracotta":7,"minecraft:glowstone":1,"minecraft:stripped_jungle_wood":2,"minecraft:dark_oak_shelf":2,"minecraft:black_concrete":2,"minecraft:polished_blackstone_button":3,"minecraft:moss_block":7,"minecraft:redstone_lamp":1,"minecraft:polished_tuff_slab":1,"minecraft:grass_block":11,"minecraft:fire_charge":1,"minecraft:orange_carpet":13,"minecraft:spruce_stairs":8,"minecraft:redstone_torch":2,"minecraft:mangrove_leaves":22,"minecraft:enchanted_golden_apple":2,"minecraft:magenta_wool":1,"minecraft:magenta_carpet":1,"minecraft:barrier":1,"minecraft:dark_oak_trapdoor":3,"minecraft:dirt":2,"minecraft:smooth_stone":1,"minecraft:pale_oak_button":1,"minecraft:green_carpet":6,"minecraft:spruce_shelf":3,"minecraft:blue_wool":7,"minecraft:cherry_sign":1,"minecraft:red_glazed_terracotta":2,"minecraft:light_blue_wool":18,"minecraft:repeating_command_block":62,"minecraft:polished_blackstone_stairs":1,"minecraft:dark_prismarine_stairs":2,"minecraft:lime_banner":3,"minecraft:suspicious_gravel":1,"minecraft:purple_carpet":1,"minecraft:magenta_concrete":2,"minecraft:jungle_planks":1,"minecraft:pink_candle":2,"minecraft:pale_oak_slab":5,"minecraft:bamboo_fence":1,"minecraft:netherite_block":2,"minecraft:gray_concrete":4,"minecraft:oak_planks":2,"minecraft:coarse_dirt":2,"minecraft:repeater":12,"minecraft:light_blue_dye":3,"minecraft:waxed_oxidized_copper_bars":3,"minecraft:oxidized_copper":1,"minecraft:spruce_trapdoor":3,"minecraft:green_concrete_powder":1,"minecraft:composter":1,"minecraft:spruce_slab":6,"minecraft:yellow_wool":3,"minecraft:polished_tuff":5,"minecraft:light_gray_wool":1,"minecraft:oak_log":5,"minecraft:hopper":1,"minecraft:red_dye":7,"minecraft:stick":18,"minecraft:short_dry_grass":2,"minecraft:gray_banner":1,"minecraft:suspicious_sand":1,"minecraft:packed_mud":4,"minecraft:mossy_stone_bricks":1,"minecraft:light_blue_bed":1,"minecraft:oak_button":3,"minecraft:blue_dye":2,"minecraft:orange_wool":8,"minecraft:light":10,"minecraft:blue_orchid":1,"minecraft:bricks":7,"minecraft:golden_axe":1,"minecraft:spore_blossom":3,"minecraft:firework_rocket":248,"minecraft:waxed_weathered_copper_lantern":2,"minecraft:white_concrete":3,"minecraft:dispenser":1,"minecraft:water_bucket":3,"minecraft:lime_wool":5,"minecraft:stone_bricks":3,"minecraft:leaf_litter":1,"minecraft:oak_stairs":1,"minecraft:diamond_sword":1,"minecraft:dark_oak_leaves":2,"minecraft:mushroom_stew":2,"minecraft:dark_oak_pressure_plate":1,"minecraft:painting":2},"minecraft:crafted":{"minecraft:decorated_pot":1},"minecraft:killed":{"minecraft:mannequin":103,"minecraft:cat":1},"minecraft:custom":{"minecraft:eat_cake_slice":2,"minecraft:time_since_rest":38680,"minecraft:talked_to_villager":2,"minecraft:leave_game":30,"minecraft:damage_taken":40,"minecraft:mob_kills":234,"minecraft:time_since_death":38678,"minecraft:inspect_dispenser":6,"minecraft:total_world_time":1975239,"minecraft:pot_flower":13,"minecraft:crouch_one_cm":197715,"minecraft:deaths":96,"minecraft:interact_with_loom":14,"minecraft:interact_with_crafting_table":1,"minecraft:walk_one_cm":2042200,"minecraft:walk_under_water_one_cm":4311,"minecraft:damage_dealt":26717,"minecraft:play_time":1115294,"minecraft:jump":3620,"minecraft:drop":793,"minecraft:sprint_one_cm":620768,"minecraft:open_chest":16,"minecraft:inspect_hopper":3,"minecraft:fall_one_cm":5953,"minecraft:fly_one_cm":5962175,"minecraft:walk_on_water_one_cm":4695,"minecraft:sneak_time":88580}},"DataVersion":4549}