{"stats":{"minecraft:picked_up":{"minecraft:poppy":1,"minecraft:lever":10,"minecraft:iron_ingot":8,"minecraft:ender_eye":1},"minecraft:killed":{"minecraft:mannequin":20,"minecraft:iron_golem":3,"minecraft:villager":59},"minecraft:custom":{"minecraft:time_since_rest":195274,"minecraft:walk_one_cm":290055,"minecraft:leave_game":5,"minecraft:mob_kills":82,"minecraft:play_time":195274,"minecraft:damage_dealt":6311,"minecraft:jump":876,"minecraft:time_since_death":195274,"minecraft:interact_with_furnace":1,"minecraft:sprint_one_cm":51861,"minecraft:total_world_time":644153,"minecraft:fly_one_cm":513003,"minecraft:crouch_one_cm":10826,"minecraft:sneak_time":6349},"minecraft:used":{"minecraft:iron_axe":3,"minecraft:grass_block":57,"minecraft:chainmail_helmet":1,"minecraft:netherite_sword":72,"minecraft:polished_diorite":2,"minecraft:chain_command_block":57,"minecraft:spruce_stairs":28,"minecraft:diamond_sword":5,"minecraft:white_dye":1,"minecraft:repeating_command_block":125,"minecraft:copper_boots":1,"minecraft:iron_golem_spawn_egg":3,"minecraft:oak_sign":4,"minecraft:ender_eye":2,"minecraft:glass":4,"minecraft:copper_leggings":3,"minecraft:anvil":5,"minecraft:furnace":4,"minecraft:command_block":27,"minecraft:dirt":1,"minecraft:lever":43,"minecraft:glow_ink_sac":1,"minecraft:stone":112,"minecraft:barrier":21,"minecraft:villager_spawn_egg":64,"minecraft:crafting_table":2,"minecraft:iron_helmet":1,"minecraft:netherite_chestplate":1,"minecraft:spruce_trapdoor":1,"minecraft:copper_chestplate":2,"minecraft:copper_helmet":1,"minecraft:bedrock":3}},"DataVersion":4546}