{"stats":{"minecraft:picked_up":{"minecraft:oak_sign":1,"minecraft:wolf_spawn_egg":1,"minecraft:oak_planks":1,"minecraft:lever":5,"minecraft:stone":1,"minecraft:command_block":2,"minecraft:bow":1,"minecraft:diamond_block":1,"minecraft:villager_spawn_egg":1,"minecraft:ender_eye":24,"minecraft:netherite_sword":1,"minecraft:quartz_block":1},"minecraft:used":{"minecraft:grass_block":32,"minecraft:lever":26,"minecraft:redstone_block":8,"minecraft:light_gray_dye":1,"minecraft:netherite_sword":22,"minecraft:chain_command_block":1,"minecraft:light_blue_dye":6,"minecraft:copper_sword":4,"minecraft:glow_ink_sac":14,"minecraft:iron_sword":1,"minecraft:white_dye":10,"minecraft:stone":9,"minecraft:repeating_command_block":4,"minecraft:barrier":7,"minecraft:villager_spawn_egg":6,"minecraft:oak_sign":26,"minecraft:glass":99,"minecraft:command_block":35,"minecraft:copper_chestplate":1,"minecraft:wolf_spawn_egg":2,"minecraft:dirt":2,"minecraft:bow":3},"minecraft:killed":{"minecraft:mannequin":8},"minecraft:custom":{"minecraft:time_since_rest":186596,"minecraft:walk_one_cm":270641,"minecraft:leave_game":2,"minecraft:mob_kills":32,"minecraft:play_time":186596,"minecraft:damage_dealt":3887,"minecraft:jump":374,"minecraft:time_since_death":186596,"minecraft:drop":69,"minecraft:sprint_one_cm":168707,"minecraft:total_world_time":186596,"minecraft:fly_one_cm":614045,"minecraft:crouch_one_cm":4853,"minecraft:sneak_time":3071},"minecraft:dropped":{"minecraft:diamond_block":10,"minecraft:stone":11,"minecraft:stripped_cherry_wood":64,"minecraft:oak_planks":10,"minecraft:emerald_block":8,"minecraft:command_block":1,"minecraft:netherite_sword":1,"minecraft:grass_block":9,"minecraft:ender_eye":24,"minecraft:glass":1,"minecraft:quartz_block":10,"minecraft:lever":1}},"DataVersion":4546}