{"stats":{"minecraft:used":{"minecraft:grass_block":44,"minecraft:lever":13,"minecraft:netherite_sword":62,"minecraft:chain_command_block":37,"minecraft:diamond_sword":4,"minecraft:netherite_axe":12,"minecraft:stone":21,"minecraft:repeating_command_block":54,"minecraft:barrier":9,"minecraft:villager_spawn_egg":5,"minecraft:glass":29,"minecraft:crafting_table":1,"minecraft:chest":1,"minecraft:furnace":1,"minecraft:command_block":21,"minecraft:dirt":21,"minecraft:bow":30,"minecraft:bedrock":1,"minecraft:fishing_rod":18},"minecraft:picked_up":{"minecraft:glass":1,"minecraft:grass_block":8,"minecraft:emerald_block":8,"minecraft:oak_planks":9,"minecraft:lever":5,"minecraft:stone":10,"minecraft:diamond_block":9,"minecraft:ender_eye":1,"minecraft:quartz_block":9,"minecraft:stripped_cherry_wood":64},"minecraft:killed":{"minecraft:mannequin":29},"minecraft:custom":{"minecraft:talked_to_villager":4,"minecraft:time_since_rest":188503,"minecraft:walk_one_cm":181793,"minecraft:leave_game":1,"minecraft:mob_kills":31,"minecraft:play_time":188503,"minecraft:damage_dealt":6766,"minecraft:jump":1478,"minecraft:time_since_death":188503,"minecraft:drop":10,"minecraft:sprint_one_cm":80758,"minecraft:total_world_time":188503,"minecraft:fly_one_cm":1250657,"minecraft:crouch_one_cm":8766,"minecraft:sneak_time":6772},"minecraft:dropped":{"minecraft:diamond_block":1,"minecraft:stone":1,"minecraft:oak_planks":1,"minecraft:command_block":1,"minecraft:villager_spawn_egg":1,"minecraft:bow":1,"minecraft:ender_eye":1,"minecraft:wolf_spawn_egg":1,"minecraft:quartz_block":1,"minecraft:lever":1}},"DataVersion":4546}